Run,Assay Type,AvgSpotLen,Bases,BioProject,BioSample,Bytes,cell_line,cell_type,Center Name,Collection_Date,Consent,DATASTORE filetype,DATASTORE provider,DATASTORE region,Experiment,geo_loc_name_country,geo_loc_name_country_continent,geo_loc_name,Instrument,Library Name,LibraryLayout,LibrarySelection,LibrarySource,Organism,Platform,ReleaseDate,create_date,version,Sample Name,source_name,SRA Study,treatment,antibody
SRR26260926,RNA-Seq,260,4277191144,PRJNA1023258,SAMN37650495,1889758326,A549-ACE2,human alveolar basal epithelial cells,INSTITUT PASTEUR,missing,public,"fastq,run.zq,sra","ncbi,gs,s3","s3.us-east-1,ncbi.public,gs.us-east1",SRX21970543,uncalculated,uncalculated,missing,Illumina NovaSeq 6000,GSM7817922,PAIRED,cDNA,TRANSCRIPTOMIC,Homo sapiens,ILLUMINA,2023-10-08T00:00:00Z,2023-10-02T22:49:00Z,1,GSM7817922,A549-ACE2,SRP464218,,
SRR26260938,RNA-Seq,272,6765228492,PRJNA1023261,SAMN37650502,2401612669,A549-ACE2,human alveolar basal epithelial cells,INSTITUT PASTEUR,missing,public,"fastq,run.zq,sra","gs,s3,ncbi","ncbi.public,gs.us-east1,s3.us-east-1",SRX21970570,uncalculated,uncalculated,missing,Illumina NovaSeq 6000,GSM7817942,PAIRED,cDNA,TRANSCRIPTOMIC,Homo sapiens,ILLUMINA,2023-10-08T00:00:00Z,2023-10-02T22:54:00Z,1,GSM7817942,A549-ACE2,SRP464220,SARS-CoV-2 infection at MOI 1 during 24 h,
SRR26260940,RNA-Seq,275,5510349357,PRJNA1023261,SAMN37650504,1952009376,A549-ACE2,human alveolar basal epithelial cells,INSTITUT PASTEUR,missing,public,"run.zq,sra,fastq","gs,ncbi,s3","ncbi.public,gs.us-east1,s3.us-east-1",SRX21970568,uncalculated,uncalculated,missing,Illumina NovaSeq 6000,GSM7817940,PAIRED,cDNA,TRANSCRIPTOMIC,Homo sapiens,ILLUMINA,2023-10-08T00:00:00Z,2023-10-02T22:53:00Z,1,GSM7817940,A549-ACE2,SRP464220,SARS-CoV-2 infection at MOI 1 during 24 h,
SRR26260941,RNA-Seq,270,5938258643,PRJNA1023261,SAMN37650505,2098937778,A549-ACE2,human alveolar basal epithelial cells,INSTITUT PASTEUR,missing,public,"run.zq,fastq,sra","ncbi,s3,gs","s3.us-east-1,gs.us-east1,ncbi.public",SRX21970567,uncalculated,uncalculated,missing,Illumina NovaSeq 6000,GSM7817939,PAIRED,cDNA,TRANSCRIPTOMIC,Homo sapiens,ILLUMINA,2023-10-08T00:00:00Z,2023-10-02T22:50:00Z,1,GSM7817939,A549-ACE2,SRP464220,SARS-CoV-2 infection at MOI 1 during 24 h,
SRR26260942,RNA-Seq,276,7098920859,PRJNA1023261,SAMN37650506,2493356225,A549-ACE2,human alveolar basal epithelial cells,INSTITUT PASTEUR,missing,public,"fastq,run.zq,sra","s3,gs,ncbi","s3.us-east-1,ncbi.public,gs.us-east1",SRX21970566,uncalculated,uncalculated,missing,Illumina NovaSeq 6000,GSM7817938,PAIRED,cDNA,TRANSCRIPTOMIC,Homo sapiens,ILLUMINA,2023-10-08T00:00:00Z,2023-10-02T22:51:00Z,1,GSM7817938,A549-ACE2,SRP464220,SARS-CoV-2 infection at MOI 1 during 24 h,
SRR26260949,RNA-Seq,272,3651110650,PRJNA1023261,SAMN37650513,1293569072,A549-ACE2,human alveolar basal epithelial cells,INSTITUT PASTEUR,missing,public,"sra,run.zq,fastq","ncbi,s3,gs","s3.us-east-1,ncbi.public,gs.us-east1",SRX21970559,uncalculated,uncalculated,missing,Illumina NovaSeq 6000,GSM7817931,PAIRED,cDNA,TRANSCRIPTOMIC,Homo sapiens,ILLUMINA,2023-10-08T00:00:00Z,2023-10-02T22:50:00Z,1,GSM7817931,A549-ACE2,SRP464220,mock,
SRR26260950,RNA-Seq,277,6067356388,PRJNA1023261,SAMN37650497,2153111389,A549-ACE2,human alveolar basal epithelial cells,INSTITUT PASTEUR,missing,public,"sra,run.zq,fastq","gs,ncbi,s3","gs.us-east1,ncbi.public,s3.us-east-1",SRX21970558,uncalculated,uncalculated,missing,Illumina NovaSeq 6000,GSM7817947,PAIRED,cDNA,TRANSCRIPTOMIC,Homo sapiens,ILLUMINA,2023-10-08T00:00:00Z,2023-10-02T22:53:00Z,1,GSM7817947,A549-ACE2,SRP464220,SARS-CoV-2 infection at MOI 1 during 24 h,
SRR26260951,RNA-Seq,277,4321138370,PRJNA1023261,SAMN37650514,1522236919,A549-ACE2,human alveolar basal epithelial cells,INSTITUT PASTEUR,missing,public,"fastq,run.zq,sra","ncbi,s3,gs","s3.us-east-1,ncbi.public,gs.us-east1",SRX21970557,uncalculated,uncalculated,missing,Illumina NovaSeq 6000,GSM7817930,PAIRED,cDNA,TRANSCRIPTOMIC,Homo sapiens,ILLUMINA,2023-10-08T00:00:00Z,2023-10-02T22:52:00Z,1,GSM7817930,A549-ACE2,SRP464220,mock,
SRR26260989,RNA-Seq,272,14937160817,PRJNA1023260,SAMN37650536,6408593834,A549-ACE2,human alveolar basal epithelial cells,INSTITUT PASTEUR,missing,public,"run.zq,fastq,sra","s3,ncbi,gs","gs.us-east1,s3.us-east-1,ncbi.public",SRX21970621,uncalculated,uncalculated,missing,Illumina NovaSeq 6000,GSM7817964,PAIRED,cDNA,TRANSCRIPTOMIC,Homo sapiens,ILLUMINA,2023-10-08T00:00:00Z,2023-10-02T23:16:00Z,1,GSM7817964,A549-ACE2,SRP464222,SARS-CoV-2 infection at MOI 1 during 24 h,
SRR26260990,RNA-Seq,273,15948474520,PRJNA1023260,SAMN37650537,6829001863,A549-ACE2,human alveolar basal epithelial cells,INSTITUT PASTEUR,missing,public,"run.zq,fastq,sra","s3,ncbi,gs","s3.us-east-1,ncbi.public,gs.us-east1",SRX21970620,uncalculated,uncalculated,missing,Illumina NovaSeq 6000,GSM7817963,PAIRED,cDNA,TRANSCRIPTOMIC,Homo sapiens,ILLUMINA,2023-10-08T00:00:00Z,2023-10-02T23:17:00Z,1,GSM7817963,A549-ACE2,SRP464222,SARS-CoV-2 infection at MOI 1 during 24 h,
SRR26260991,RNA-Seq,274,15582067798,PRJNA1023260,SAMN37650538,6652878849,A549-ACE2,human alveolar basal epithelial cells,INSTITUT PASTEUR,missing,public,"fastq,sra,run.zq","s3,ncbi,gs","ncbi.public,gs.us-east1,s3.us-east-1",SRX21970619,uncalculated,uncalculated,missing,Illumina NovaSeq 6000,GSM7817962,PAIRED,cDNA,TRANSCRIPTOMIC,Homo sapiens,ILLUMINA,2023-10-08T00:00:00Z,2023-10-02T23:25:00Z,1,GSM7817962,A549-ACE2,SRP464222,SARS-CoV-2 infection at MOI 1 during 24 h,
SRR26260993,RNA-Seq,272,14797246044,PRJNA1023260,SAMN37650540,6319478042,A549-ACE2,human alveolar basal epithelial cells,INSTITUT PASTEUR,missing,public,"run.zq,fastq,sra","s3,ncbi,gs","ncbi.public,s3.us-east-1,gs.us-east1",SRX21970617,uncalculated,uncalculated,missing,Illumina NovaSeq 6000,GSM7817960,PAIRED,cDNA,TRANSCRIPTOMIC,Homo sapiens,ILLUMINA,2023-10-08T00:00:00Z,2023-10-02T23:24:00Z,1,GSM7817960,A549-ACE2,SRP464222,SARS-CoV-2 infection at MOI 1 during 24 h,
SRR26260994,RNA-Seq,272,11738786564,PRJNA1023260,SAMN37650541,5137368080,A549-ACE2,human alveolar basal epithelial cells,INSTITUT PASTEUR,missing,public,"run.zq,fastq,sra","gs,ncbi,s3","s3.us-east-1,gs.us-east1,ncbi.public",SRX21970616,uncalculated,uncalculated,missing,Illumina NovaSeq 6000,GSM7817959,PAIRED,cDNA,TRANSCRIPTOMIC,Homo sapiens,ILLUMINA,2023-10-08T00:00:00Z,2023-10-02T23:20:00Z,1,GSM7817959,A549-ACE2,SRP464222,SARS-CoV-2 infection at MOI 1 during 24 h,
SRR26260995,RNA-Seq,271,8147952552,PRJNA1023260,SAMN37650542,3560777768,A549-ACE2,human alveolar basal epithelial cells,INSTITUT PASTEUR,missing,public,"sra,run.zq,fastq","ncbi,gs,s3","gs.us-east1,s3.us-east-1,ncbi.public",SRX21970615,uncalculated,uncalculated,missing,Illumina NovaSeq 6000,GSM7817958,PAIRED,cDNA,TRANSCRIPTOMIC,Homo sapiens,ILLUMINA,2023-10-08T00:00:00Z,2023-10-02T23:16:00Z,1,GSM7817958,A549-ACE2,SRP464222,SARS-CoV-2 infection at MOI 1 during 24 h,
SRR26260996,RNA-Seq,270,15359677592,PRJNA1023260,SAMN37650543,6781212060,A549-ACE2,human alveolar basal epithelial cells,INSTITUT PASTEUR,missing,public,"sra,fastq,run.zq","ncbi,s3,gs","gs.us-east1,s3.us-east-1,ncbi.public",SRX21970614,uncalculated,uncalculated,missing,Illumina NovaSeq 6000,GSM7817957,PAIRED,cDNA,TRANSCRIPTOMIC,Homo sapiens,ILLUMINA,2023-10-08T00:00:00Z,2023-10-02T23:27:00Z,1,GSM7817957,A549-ACE2,SRP464222,SARS-CoV-2 infection at MOI 1 during 24 h,
SRR26260997,RNA-Seq,273,11148411481,PRJNA1023260,SAMN37650544,4886063594,A549-ACE2,human alveolar basal epithelial cells,INSTITUT PASTEUR,missing,public,"run.zq,fastq,sra","ncbi,s3,gs","gs.us-east1,ncbi.public,s3.us-east-1",SRX21970613,uncalculated,uncalculated,missing,Illumina NovaSeq 6000,GSM7817956,PAIRED,cDNA,TRANSCRIPTOMIC,Homo sapiens,ILLUMINA,2023-10-08T00:00:00Z,2023-10-02T23:20:00Z,1,GSM7817956,A549-ACE2,SRP464222,SARS-CoV-2 infection at MOI 1 during 24 h,
SRR26260998,RNA-Seq,271,10426569044,PRJNA1023260,SAMN37650545,4576255290,A549-ACE2,human alveolar basal epithelial cells,INSTITUT PASTEUR,missing,public,"sra,run.zq,fastq","s3,ncbi,gs","ncbi.public,gs.us-east1,s3.us-east-1",SRX21970612,uncalculated,uncalculated,missing,Illumina NovaSeq 6000,GSM7817955,PAIRED,cDNA,TRANSCRIPTOMIC,Homo sapiens,ILLUMINA,2023-10-08T00:00:00Z,2023-10-02T23:20:00Z,1,GSM7817955,A549-ACE2,SRP464222,SARS-CoV-2 infection at MOI 1 during 24 h,
SRR26260999,RNA-Seq,270,13618812477,PRJNA1023260,SAMN37650546,5984635691,A549-ACE2,human alveolar basal epithelial cells,INSTITUT PASTEUR,missing,public,"run.zq,sra,fastq","ncbi,gs,s3","ncbi.public,s3.us-east-1,gs.us-east1",SRX21970611,uncalculated,uncalculated,missing,Illumina NovaSeq 6000,GSM7817954,PAIRED,cDNA,TRANSCRIPTOMIC,Homo sapiens,ILLUMINA,2023-10-08T00:00:00Z,2023-10-02T23:25:00Z,1,GSM7817954,A549-ACE2,SRP464222,SARS-CoV-2 infection at MOI 1 during 24 h,
SRR26261000,RNA-Seq,271,10560420280,PRJNA1023260,SAMN37650547,4648269565,A549-ACE2,human alveolar basal epithelial cells,INSTITUT PASTEUR,missing,public,"sra,fastq,run.zq","gs,ncbi,s3","gs.us-east1,s3.us-east-1,ncbi.public",SRX21970610,uncalculated,uncalculated,missing,Illumina NovaSeq 6000,GSM7817953,PAIRED,cDNA,TRANSCRIPTOMIC,Homo sapiens,ILLUMINA,2023-10-08T00:00:00Z,2023-10-02T23:20:00Z,1,GSM7817953,A549-ACE2,SRP464222,mock,
SRR26261001,RNA-Seq,271,10955411672,PRJNA1023260,SAMN37650548,4816586047,A549-ACE2,human alveolar basal epithelial cells,INSTITUT PASTEUR,missing,public,"fastq,run.zq,sra","ncbi,gs,s3","s3.us-east-1,ncbi.public,gs.us-east1",SRX21970609,uncalculated,uncalculated,missing,Illumina NovaSeq 6000,GSM7817952,PAIRED,cDNA,TRANSCRIPTOMIC,Homo sapiens,ILLUMINA,2023-10-08T00:00:00Z,2023-10-02T23:15:00Z,1,GSM7817952,A549-ACE2,SRP464222,mock,
SRR26261002,RNA-Seq,270,7983198546,PRJNA1023260,SAMN37650549,3510593223,A549-ACE2,human alveolar basal epithelial cells,INSTITUT PASTEUR,missing,public,"sra,fastq,run.zq","ncbi,gs,s3","gs.us-east1,s3.us-east-1,ncbi.public",SRX21970608,uncalculated,uncalculated,missing,Illumina NovaSeq 6000,GSM7817951,PAIRED,cDNA,TRANSCRIPTOMIC,Homo sapiens,ILLUMINA,2023-10-08T00:00:00Z,2023-10-02T23:15:00Z,1,GSM7817951,A549-ACE2,SRP464222,mock,
SRR26261003,RNA-Seq,271,10764108287,PRJNA1023260,SAMN37650550,4705241564,A549-ACE2,human alveolar basal epithelial cells,INSTITUT PASTEUR,missing,public,"fastq,sra,run.zq","gs,s3,ncbi","gs.us-east1,ncbi.public,s3.us-east-1",SRX21970607,uncalculated,uncalculated,missing,Illumina NovaSeq 6000,GSM7817950,PAIRED,cDNA,TRANSCRIPTOMIC,Homo sapiens,ILLUMINA,2023-10-08T00:00:00Z,2023-10-02T23:15:00Z,1,GSM7817950,A549-ACE2,SRP464222,mock,
SRR26261004,RNA-Seq,272,8124085646,PRJNA1023260,SAMN37650551,3559507188,A549-ACE2,human alveolar basal epithelial cells,INSTITUT PASTEUR,missing,public,"run.zq,sra,fastq","s3,ncbi,gs","gs.us-east1,s3.us-east-1,ncbi.public",SRX21970606,uncalculated,uncalculated,missing,Illumina NovaSeq 6000,GSM7817949,PAIRED,cDNA,TRANSCRIPTOMIC,Homo sapiens,ILLUMINA,2023-10-08T00:00:00Z,2023-10-02T23:17:00Z,1,GSM7817949,A549-ACE2,SRP464222,mock,
SRR26261005,RNA-Seq,271,9517117928,PRJNA1023260,SAMN37650552,4184674203,A549-ACE2,human alveolar basal epithelial cells,INSTITUT PASTEUR,missing,public,"sra,run.zq,fastq","ncbi,gs,s3","gs.us-east1,s3.us-east-1,ncbi.public",SRX21970605,uncalculated,uncalculated,missing,Illumina NovaSeq 6000,GSM7817948,PAIRED,cDNA,TRANSCRIPTOMIC,Homo sapiens,ILLUMINA,2023-10-08T00:00:00Z,2023-10-02T23:20:00Z,1,GSM7817948,A549-ACE2,SRP464222,mock,
SRR26261006,RNA-Seq,274,15857442193,PRJNA1023260,SAMN37650535,6784997157,A549-ACE2,human alveolar basal epithelial cells,INSTITUT PASTEUR,missing,public,"sra,fastq,run.zq","gs,ncbi,s3","ncbi.public,s3.us-east-1,gs.us-east1",SRX21970604,uncalculated,uncalculated,missing,Illumina NovaSeq 6000,GSM7817965,PAIRED,cDNA,TRANSCRIPTOMIC,Homo sapiens,ILLUMINA,2023-10-08T00:00:00Z,2023-10-02T23:23:00Z,1,GSM7817965,A549-ACE2,SRP464222,SARS-CoV-2 infection at MOI 1 during 24 h,
SRR26261235,OTHER,202,6695658246,PRJNA1023259,SAMN37651285,2206908733,A549-ACE2,human alveolar basal epithelial cells,INSTITUT PASTEUR,missing,public,"fastq,run.zq,sra","ncbi,gs,s3","s3.us-east-1,gs.us-east1,ncbi.public",SRX21970849,uncalculated,uncalculated,missing,Illumina NovaSeq 6000,GSM7817920,PAIRED,other,GENOMIC,Homo sapiens,ILLUMINA,2023-10-08T00:00:00Z,2023-10-03T02:17:00Z,1,GSM7817920,A549-ACE2,SRP464232,TNF-alpha,"p65 (Cell Signaling\, D14E12)"
SRR26261236,OTHER,202,5463967084,PRJNA1023259,SAMN37651286,1775052657,A549-ACE2,human alveolar basal epithelial cells,INSTITUT PASTEUR,missing,public,"sra,fastq,run.zq","ncbi,s3,gs","ncbi.public,s3.us-east-1,gs.us-east1",SRX21970848,uncalculated,uncalculated,missing,Illumina NovaSeq 6000,GSM7817919,PAIRED,other,GENOMIC,Homo sapiens,ILLUMINA,2023-10-08T00:00:00Z,2023-10-03T01:30:00Z,1,GSM7817919,A549-ACE2,SRP464232,none,"IgG (Invitrogen\, 31235)"
SRR26260919,RNA-Seq,263,4668862926,PRJNA1023258,SAMN37650488,2046466721,A549-ACE2,human alveolar basal epithelial cells,INSTITUT PASTEUR,missing,public,"sra,fastq,run.zq","s3,ncbi,gs","gs.us-east1,ncbi.public,s3.us-east-1",SRX21970550,uncalculated,uncalculated,missing,Illumina NovaSeq 6000,GSM7817929,PAIRED,cDNA,TRANSCRIPTOMIC,Homo sapiens,ILLUMINA,2023-10-08T00:00:00Z,2023-10-02T22:50:00Z,1,GSM7817929,A549-ACE2,SRP464218,SARS-CoV-2 infection at MOI 1 during 24 h,
SRR26260920,RNA-Seq,247,4211036891,PRJNA1023258,SAMN37650489,1849608004,A549-ACE2,human alveolar basal epithelial cells,INSTITUT PASTEUR,missing,public,"run.zq,fastq,sra","s3,ncbi,gs","ncbi.public,s3.us-east-1,gs.us-east1",SRX21970549,uncalculated,uncalculated,missing,Illumina NovaSeq 6000,GSM7817928,PAIRED,cDNA,TRANSCRIPTOMIC,Homo sapiens,ILLUMINA,2023-10-08T00:00:00Z,2023-10-02T22:46:00Z,1,GSM7817928,A549-ACE2,SRP464218,SARS-CoV-2 infection at MOI 1 during 24 h,
SRR26260921,RNA-Seq,255,4130663014,PRJNA1023258,SAMN37650490,1816469857,A549-ACE2,human alveolar basal epithelial cells,INSTITUT PASTEUR,missing,public,"fastq,run.zq,sra","ncbi,gs,s3","gs.us-east1,ncbi.public,s3.us-east-1",SRX21970548,uncalculated,uncalculated,missing,Illumina NovaSeq 6000,GSM7817927,PAIRED,cDNA,TRANSCRIPTOMIC,Homo sapiens,ILLUMINA,2023-10-08T00:00:00Z,2023-10-02T22:46:00Z,1,GSM7817927,A549-ACE2,SRP464218,SARS-CoV-2 infection at MOI 1 during 24 h,
SRR26260922,RNA-Seq,262,4283440851,PRJNA1023258,SAMN37650491,1883118859,A549-ACE2,human alveolar basal epithelial cells,INSTITUT PASTEUR,missing,public,"fastq,sra,run.zq","s3,ncbi,gs","gs.us-east1,s3.us-east-1,ncbi.public",SRX21970547,uncalculated,uncalculated,missing,Illumina NovaSeq 6000,GSM7817926,PAIRED,cDNA,TRANSCRIPTOMIC,Homo sapiens,ILLUMINA,2023-10-08T00:00:00Z,2023-10-02T22:47:00Z,1,GSM7817926,A549-ACE2,SRP464218,SARS-CoV-2 infection at MOI 1 during 24 h,
SRR26260923,RNA-Seq,245,2945656194,PRJNA1023258,SAMN37650492,1302903202,A549-ACE2,human alveolar basal epithelial cells,INSTITUT PASTEUR,missing,public,"run.zq,sra,fastq","s3,ncbi,gs","ncbi.public,gs.us-east1,s3.us-east-1",SRX21970546,uncalculated,uncalculated,missing,Illumina NovaSeq 6000,GSM7817925,PAIRED,cDNA,TRANSCRIPTOMIC,Homo sapiens,ILLUMINA,2023-10-08T00:00:00Z,2023-10-02T22:48:00Z,1,GSM7817925,A549-ACE2,SRP464218,SARS-CoV-2 infection at MOI 1 during 24 h,
SRR26260924,RNA-Seq,259,4526031838,PRJNA1023258,SAMN37650493,1996430007,A549-ACE2,human alveolar basal epithelial cells,INSTITUT PASTEUR,missing,public,"sra,fastq,run.zq","s3,ncbi,gs","ncbi.public,s3.us-east-1,gs.us-east1",SRX21970545,uncalculated,uncalculated,missing,Illumina NovaSeq 6000,GSM7817924,PAIRED,cDNA,TRANSCRIPTOMIC,Homo sapiens,ILLUMINA,2023-10-08T00:00:00Z,2023-10-02T22:48:00Z,1,GSM7817924,A549-ACE2,SRP464218,SARS-CoV-2 infection at MOI 1 during 24 h,
SRR26260925,RNA-Seq,263,4223053086,PRJNA1023258,SAMN37650494,1864882185,A549-ACE2,human alveolar basal epithelial cells,INSTITUT PASTEUR,missing,public,"fastq,run.zq,sra","s3,ncbi,gs","gs.us-east1,ncbi.public,s3.us-east-1",SRX21970544,uncalculated,uncalculated,missing,Illumina NovaSeq 6000,GSM7817923,PAIRED,cDNA,TRANSCRIPTOMIC,Homo sapiens,ILLUMINA,2023-10-08T00:00:00Z,2023-10-02T22:49:00Z,1,GSM7817923,A549-ACE2,SRP464218,,
SRR26260927,RNA-Seq,260,4342958917,PRJNA1023258,SAMN37650496,1904699550,A549-ACE2,human alveolar basal epithelial cells,INSTITUT PASTEUR,missing,public,"run.zq,fastq,sra","ncbi,gs,s3","gs.us-east1,ncbi.public,s3.us-east-1",SRX21970542,uncalculated,uncalculated,missing,Illumina NovaSeq 6000,GSM7817921,PAIRED,cDNA,TRANSCRIPTOMIC,Homo sapiens,ILLUMINA,2023-10-08T00:00:00Z,2023-10-02T22:47:00Z,1,GSM7817921,A549-ACE2,SRP464218,,
SRR26260934,RNA-Seq,272,6224972198,PRJNA1023261,SAMN37650498,2204130992,A549-ACE2,human alveolar basal epithelial cells,INSTITUT PASTEUR,missing,public,"fastq,run.zq,sra","ncbi,gs,s3","s3.us-east-1,ncbi.public,gs.us-east1",SRX21970574,uncalculated,uncalculated,missing,Illumina NovaSeq 6000,GSM7817946,PAIRED,cDNA,TRANSCRIPTOMIC,Homo sapiens,ILLUMINA,2023-10-08T00:00:00Z,2023-10-02T22:50:00Z,1,GSM7817946,A549-ACE2,SRP464220,SARS-CoV-2 infection at MOI 1 during 24 h,
SRR26260935,RNA-Seq,271,6957003596,PRJNA1023261,SAMN37650499,2461545408,A549-ACE2,human alveolar basal epithelial cells,INSTITUT PASTEUR,missing,public,"sra,fastq,run.zq","ncbi,gs,s3","s3.us-east-1,ncbi.public,gs.us-east1",SRX21970573,uncalculated,uncalculated,missing,Illumina NovaSeq 6000,GSM7817945,PAIRED,cDNA,TRANSCRIPTOMIC,Homo sapiens,ILLUMINA,2023-10-08T00:00:00Z,2023-10-02T22:51:00Z,1,GSM7817945,A549-ACE2,SRP464220,SARS-CoV-2 infection at MOI 1 during 24 h,
SRR26260936,RNA-Seq,279,6919711662,PRJNA1023261,SAMN37650500,2444075836,A549-ACE2,human alveolar basal epithelial cells,INSTITUT PASTEUR,missing,public,"sra,fastq,run.zq","gs,ncbi,s3","s3.us-east-1,gs.us-east1,ncbi.public",SRX21970572,uncalculated,uncalculated,missing,Illumina NovaSeq 6000,GSM7817944,PAIRED,cDNA,TRANSCRIPTOMIC,Homo sapiens,ILLUMINA,2023-10-08T00:00:00Z,2023-10-02T22:54:00Z,1,GSM7817944,A549-ACE2,SRP464220,SARS-CoV-2 infection at MOI 1 during 24 h,
SRR26260937,RNA-Seq,278,7156019893,PRJNA1023261,SAMN37650501,2523901838,A549-ACE2,human alveolar basal epithelial cells,INSTITUT PASTEUR,missing,public,"run.zq,fastq,sra","ncbi,gs,s3","s3.us-east-1,ncbi.public,gs.us-east1",SRX21970571,uncalculated,uncalculated,missing,Illumina NovaSeq 6000,GSM7817943,PAIRED,cDNA,TRANSCRIPTOMIC,Homo sapiens,ILLUMINA,2023-10-08T00:00:00Z,2023-10-02T22:53:00Z,1,GSM7817943,A549-ACE2,SRP464220,SARS-CoV-2 infection at MOI 1 during 24 h,
SRR26260939,RNA-Seq,272,6172879740,PRJNA1023261,SAMN37650503,2175160187,A549-ACE2,human alveolar basal epithelial cells,INSTITUT PASTEUR,missing,public,"run.zq,sra,fastq","ncbi,gs,s3","ncbi.public,s3.us-east-1,gs.us-east1",SRX21970569,uncalculated,uncalculated,missing,Illumina NovaSeq 6000,GSM7817941,PAIRED,cDNA,TRANSCRIPTOMIC,Homo sapiens,ILLUMINA,2023-10-08T00:00:00Z,2023-10-02T22:52:00Z,1,GSM7817941,A549-ACE2,SRP464220,SARS-CoV-2 infection at MOI 1 during 24 h,
SRR26260943,RNA-Seq,278,7117893848,PRJNA1023261,SAMN37650507,2507607699,A549-ACE2,human alveolar basal epithelial cells,INSTITUT PASTEUR,missing,public,"fastq,run.zq,sra","s3,ncbi,gs","ncbi.public,gs.us-east1,s3.us-east-1",SRX21970565,uncalculated,uncalculated,missing,Illumina NovaSeq 6000,GSM7817937,PAIRED,cDNA,TRANSCRIPTOMIC,Homo sapiens,ILLUMINA,2023-10-08T00:00:00Z,2023-10-02T22:51:00Z,1,GSM7817937,A549-ACE2,SRP464220,SARS-CoV-2 infection at MOI 1 during 24 h,
SRR26260944,RNA-Seq,274,8024150767,PRJNA1023261,SAMN37650508,2822466090,A549-ACE2,human alveolar basal epithelial cells,INSTITUT PASTEUR,missing,public,"fastq,sra,run.zq","s3,gs,ncbi","gs.us-east1,ncbi.public,s3.us-east-1",SRX21970564,uncalculated,uncalculated,missing,Illumina NovaSeq 6000,GSM7817936,PAIRED,cDNA,TRANSCRIPTOMIC,Homo sapiens,ILLUMINA,2023-10-08T00:00:00Z,2023-10-02T22:52:00Z,1,GSM7817936,A549-ACE2,SRP464220,SARS-CoV-2 infection at MOI 1 during 24 h,
SRR26260945,RNA-Seq,267,4830622044,PRJNA1023261,SAMN37650509,1709519384,A549-ACE2,human alveolar basal epithelial cells,INSTITUT PASTEUR,missing,public,"run.zq,fastq,sra","ncbi,s3,gs","ncbi.public,gs.us-east1,s3.us-east-1",SRX21970563,uncalculated,uncalculated,missing,Illumina NovaSeq 6000,GSM7817935,PAIRED,cDNA,TRANSCRIPTOMIC,Homo sapiens,ILLUMINA,2023-10-08T00:00:00Z,2023-10-02T22:50:00Z,1,GSM7817935,A549-ACE2,SRP464220,mock,
SRR26260946,RNA-Seq,278,3915012054,PRJNA1023261,SAMN37650510,1377574898,A549-ACE2,human alveolar basal epithelial cells,INSTITUT PASTEUR,missing,public,"sra,run.zq,fastq","ncbi,s3,gs","s3.us-east-1,ncbi.public,gs.us-east1",SRX21970562,uncalculated,uncalculated,missing,Illumina NovaSeq 6000,GSM7817934,PAIRED,cDNA,TRANSCRIPTOMIC,Homo sapiens,ILLUMINA,2023-10-08T00:00:00Z,2023-10-02T22:50:00Z,1,GSM7817934,A549-ACE2,SRP464220,mock,
SRR26260947,RNA-Seq,278,5238369139,PRJNA1023261,SAMN37650511,1847079091,A549-ACE2,human alveolar basal epithelial cells,INSTITUT PASTEUR,missing,public,"sra,fastq,run.zq","s3,gs,ncbi","ncbi.public,gs.us-east1,s3.us-east-1",SRX21970561,uncalculated,uncalculated,missing,Illumina NovaSeq 6000,GSM7817933,PAIRED,cDNA,TRANSCRIPTOMIC,Homo sapiens,ILLUMINA,2023-10-08T00:00:00Z,2023-10-02T22:51:00Z,1,GSM7817933,A549-ACE2,SRP464220,mock,
SRR26260948,RNA-Seq,270,6403648409,PRJNA1023261,SAMN37650512,2258627497,A549-ACE2,human alveolar basal epithelial cells,INSTITUT PASTEUR,missing,public,"sra,run.zq,fastq","s3,gs,ncbi","gs.us-east1,ncbi.public,s3.us-east-1",SRX21970560,uncalculated,uncalculated,missing,Illumina NovaSeq 6000,GSM7817932,PAIRED,cDNA,TRANSCRIPTOMIC,Homo sapiens,ILLUMINA,2023-10-08T00:00:00Z,2023-10-02T22:51:00Z,1,GSM7817932,A549-ACE2,SRP464220,mock,
SRR26260992,RNA-Seq,273,14538140678,PRJNA1023260,SAMN37650539,6208126337,A549-ACE2,human alveolar basal epithelial cells,INSTITUT PASTEUR,missing,public,"sra,fastq,run.zq","s3,ncbi,gs","ncbi.public,s3.us-east-1,gs.us-east1",SRX21970618,uncalculated,uncalculated,missing,Illumina NovaSeq 6000,GSM7817961,PAIRED,cDNA,TRANSCRIPTOMIC,Homo sapiens,ILLUMINA,2023-10-08T00:00:00Z,2023-10-02T23:25:00Z,1,GSM7817961,A549-ACE2,SRP464222,SARS-CoV-2 infection at MOI 1 during 24 h,
